"rank","RMSE","MAE","OSR2"
1,0.985699215822814,0.769079277540782,0.221327875485414
2,0.961881174455801,0.749189678847832,0.258504267924744
3,0.944310064139223,0.734127762469928,0.285347294424897
4,0.933762339173277,0.724493708880205,0.30122314248264
5,0.928119635025865,0.718993429621874,0.309643009520187
6,0.923542172214678,0.714324967117459,0.316435863814305
7,0.920495835660533,0.711405702500034,0.320937947418144
8,0.918956006940295,0.709331965223618,0.323207951529011
9,0.918274172201249,0.708054542188995,0.324211893245872
10,0.919910387394317,0.708618781324951,0.321801458713771
11,0.920645777780406,0.708486364961862,0.32071670079732
12,0.922123139327986,0.709163849734775,0.318534857906075
13,0.924533886359835,0.710406019755767,0.31496703171685
14,0.926637042615716,0.711335611501309,0.311846821408551
15,0.929493872342013,0.713009722855617,0.307597116582313
16,0.931815565772963,0.714294854904708,0.30413382340143
17,0.934641476059407,0.71594754397046,0.299906726782206
18,0.936594075277927,0.716805590550739,0.296978482008639
19,0.939263315331053,0.718336249415049,0.292965628948214
20,0.942824595829733,0.720702530837751,0.28759392718784
