"fold","rank","seconds","warnings"
1,1,1.306,""
1,2,1.281,""
1,3,1.296,""
1,4,1.442,""
1,5,1.612,""
1,6,1.67,""
1,7,1.863,""
1,8,2.113,""
1,9,2.287,""
1,10,2.475,""
1,11,2.601,""
1,12,2.783,""
1,13,3.064,""
1,14,3.124,""
1,15,3.351,""
1,16,3.561,""
1,17,3.77500000000001,""
1,18,4.075,""
1,19,4.187,""
1,20,4.452,""
2,1,0.979000000000006,""
2,2,0.977999999999994,""
2,3,1.19900000000001,""
2,4,1.364,""
2,5,1.524,""
2,6,1.89299999999999,""
2,7,1.95700000000001,""
2,8,2.02199999999999,""
2,9,2.508,""
2,10,2.645,""
2,11,2.592,""
2,12,2.88799999999999,""
2,13,3.15600000000001,""
2,14,3.364,""
2,15,3.43199999999999,""
2,16,3.483,""
2,17,3.709,""
2,18,3.93599999999999,""
2,19,4.093,""
2,20,4.36500000000001,""
3,1,0.894000000000005,""
3,2,0.917000000000002,""
3,3,1.044,""
3,4,1.20400000000001,""
3,5,1.44099999999999,""
3,6,1.535,""
3,7,1.761,""
3,8,1.994,""
3,9,2.157,""
3,10,2.28,""
3,11,2.526,""
3,12,2.688,""
3,13,2.89000000000001,""
3,14,3.035,""
3,15,3.36499999999998,""
3,16,3.51900000000001,""
3,17,3.81700000000001,""
3,18,3.887,""
3,19,4.791,""
3,20,4.53200000000001,""
4,1,0.800000000000011,""
4,2,0.920999999999992,""
4,3,1.06999999999999,""
4,4,1.399,""
4,5,1.41399999999999,""
4,6,1.631,""
4,7,1.80000000000001,""
4,8,1.93799999999999,""
4,9,2.233,""
4,10,2.39400000000001,""
4,11,2.67899999999997,""
4,12,2.70400000000001,""
4,13,2.989,""
4,14,3.06899999999999,""
4,15,3.36500000000001,""
4,16,3.52600000000001,""
4,17,3.68599999999998,""
4,18,4.00400000000002,""
4,19,4.41699999999997,""
4,20,4.661,""
5,1,1.06700000000001,""
5,2,1.06199999999998,""
5,3,1.26500000000001,""
5,4,1.31699999999998,""
5,5,1.536,""
5,6,1.625,""
5,7,1.83500000000001,""
5,8,2.107,""
5,9,2.18700000000001,""
5,10,2.42099999999999,""
5,11,2.70400000000001,""
5,12,2.94499999999999,""
5,13,3.10999999999999,""
5,14,3.41500000000002,""
5,15,3.49599999999998,""
5,16,3.97800000000001,""
5,17,4.02699999999999,""
5,18,3.98700000000002,""
5,19,4.31699999999998,""
5,20,4.75700000000001,""
6,1,0.947000000000003,""
6,2,1.09499999999997,""
6,3,1.108,""
6,4,1.29399999999998,""
6,5,1.58699999999999,""
6,6,1.678,""
6,7,2.01900000000001,""
6,8,2.01499999999999,""
6,9,2.22199999999998,""
6,10,2.29500000000002,""
6,11,2.53399999999999,""
6,12,2.72199999999998,""
6,13,2.91000000000003,""
6,14,3.04699999999997,""
6,15,3.47399999999999,""
6,16,3.673,""
6,17,3.87799999999999,""
6,18,4.178,""
6,19,4.358,""
6,20,4.91400000000004,""
7,1,0.978999999999985,""
7,2,1.16800000000001,""
7,3,1.04000000000002,""
7,4,1.22699999999998,""
7,5,1.50700000000001,""
7,6,1.59800000000001,""
7,7,1.76700000000005,""
7,8,1.964,""
7,9,2.08299999999997,""
7,10,2.49800000000005,""
7,11,2.50299999999999,""
7,12,2.983,""
7,13,3.04599999999999,""
7,14,3.08499999999998,""
7,15,3.41000000000003,""
7,16,3.60399999999998,""
7,17,4.33300000000003,""
7,18,4.05799999999999,""
7,19,4.36500000000001,""
7,20,4.32799999999997,""
8,1,0.831999999999994,""
8,2,0.973000000000013,""
8,3,1.08699999999999,""
8,4,1.23000000000002,""
8,5,1.38300000000004,""
8,6,1.505,""
8,7,1.73699999999997,""
8,8,1.81299999999999,""
8,9,2.04699999999997,""
8,10,2.28200000000004,""
8,11,2.39799999999997,""
8,12,2.75800000000004,""
8,13,3.012,""
8,14,3.392,""
8,15,3.70100000000002,""
8,16,5.69,""
8,17,3.62600000000003,""
8,18,3.803,""
8,19,4.089,""
8,20,4.25999999999999,""
9,1,0.852999999999952,""
9,2,0.920999999999992,""
9,3,1.11800000000005,""
9,4,1.255,""
9,5,1.39599999999996,""
9,6,1.649,""
9,7,1.65899999999999,""
9,8,1.928,""
9,9,3.84700000000004,""
9,10,2.47499999999997,""
9,11,2.47300000000001,""
9,12,2.80799999999999,""
9,13,2.95499999999998,""
9,14,3.14400000000001,""
9,15,3.61599999999999,""
9,16,3.423,""
9,17,4.279,""
9,18,4.23199999999997,""
9,19,4.10500000000002,""
9,20,4.12799999999999,""
10,1,0.939000000000021,""
10,2,1.01499999999999,""
10,3,1.04599999999999,""
10,4,1.17500000000001,""
10,5,1.37600000000003,""
10,6,1.59799999999996,""
10,7,1.63900000000001,""
10,8,1.93700000000001,""
10,9,2.11800000000005,""
10,10,2.21999999999997,""
10,11,2.45000000000005,""
10,12,2.67099999999999,""
10,13,2.82799999999997,""
10,14,2.875,""
10,15,3.32299999999998,""
10,16,3.31599999999997,""
10,17,3.59200000000004,""
10,18,3.71699999999998,""
10,19,3.90499999999997,""
10,20,4.59900000000005,""
11,1,0.921000000000049,""
11,2,1.09199999999998,""
11,3,1.24199999999996,""
11,4,1.24599999999998,""
11,5,1.45699999999999,""
11,6,2.08199999999999,""
11,7,2.03599999999994,""
11,8,2.24599999999998,""
11,9,2.29499999999996,""
11,10,2.57900000000006,""
11,11,2.85000000000002,""
11,12,2.78999999999996,""
11,13,3.12099999999998,""
11,14,3.1099999999999,""
11,15,3.37800000000004,""
11,16,3.548,""
11,17,3.774,""
11,18,3.846,""
11,19,4.91800000000001,""
11,20,4.48500000000001,""
12,1,0.798000000000002,""
12,2,0.972999999999956,""
12,3,1.029,""
12,4,1.27500000000009,""
12,5,1.42999999999995,""
12,6,1.57600000000002,""
12,7,1.822,""
12,8,1.952,""
12,9,2.69400000000007,""
12,10,2.41999999999996,""
12,11,2.577,""
12,12,2.80700000000002,""
12,13,3.03600000000006,""
12,14,3.23400000000004,""
12,15,3.39499999999998,""
12,16,3.68200000000002,""
12,17,3.71600000000001,""
12,18,4.02699999999993,""
12,19,4.27200000000005,""
12,20,4.39999999999998,""
13,1,0.815999999999917,""
13,2,0.975999999999999,""
13,3,1.02800000000002,""
13,4,1.35899999999992,""
13,5,1.548,""
13,6,1.81500000000005,""
13,7,1.69899999999996,""
13,8,2.00099999999998,""
13,9,2.12300000000005,""
13,10,2.31099999999992,""
13,11,2.57100000000003,""
13,12,2.68000000000006,""
13,13,3.11799999999994,""
13,14,3.15800000000002,""
13,15,3.53500000000008,""
13,16,3.56799999999998,""
13,17,4.13900000000001,""
13,18,4.33399999999995,""
13,19,4.83199999999999,""
13,20,4.62399999999991,""
14,1,0.831000000000017,""
14,2,1.07999999999993,""
14,3,1.14700000000005,""
14,4,1.22400000000005,""
14,5,1.43399999999997,""
14,6,1.54100000000005,""
14,7,1.69999999999993,""
14,8,1.97199999999998,""
14,9,2.26800000000003,""
14,10,2.41300000000001,""
14,11,2.92099999999994,""
14,12,2.93000000000006,""
14,13,3.02699999999993,""
14,14,3.33699999999999,""
14,15,3.43400000000008,""
14,16,3.697,""
14,17,3.70799999999997,""
14,18,3.79700000000003,""
14,19,4.33699999999999,""
14,20,4.42399999999998,""
15,1,0.841999999999985,""
15,2,0.872000000000071,""
15,3,1.13199999999995,""
15,4,1.21600000000001,""
15,5,1.52300000000002,""
15,6,1.53599999999994,""
15,7,1.77799999999991,""
15,8,1.91699999999992,""
15,9,2.1690000000001,""
15,10,2.29700000000003,""
15,11,2.59899999999993,""
15,12,2.71900000000005,""
15,13,3.01800000000003,""
15,14,3.06700000000001,""
15,15,3.346,""
15,16,3.51699999999994,""
15,17,3.71300000000008,""
15,18,4.13099999999997,""
15,19,4.05899999999997,""
15,20,4.48199999999997,""
16,1,0.865000000000009,""
16,2,0.998000000000047,""
16,3,1.15999999999997,""
16,4,1.25300000000004,""
16,5,1.39999999999998,""
16,6,1.49199999999996,""
16,7,1.75400000000002,""
16,8,1.90700000000004,""
16,9,2.19500000000005,""
16,10,2.25099999999998,""
16,11,2.54999999999995,""
16,12,2.61700000000008,""
16,13,2.85699999999997,""
16,14,3.02099999999996,""
16,15,3.2700000000001,""
16,16,3.46699999999998,""
16,17,3.65200000000004,""
16,18,3.90299999999991,""
16,19,4.10699999999997,""
16,20,4.33699999999999,""
17,1,0.880999999999972,""
17,2,0.892000000000053,""
17,3,1.06299999999999,""
17,4,1.25599999999997,""
17,5,1.40100000000007,""
17,6,1.53599999999994,""
17,7,1.72500000000002,""
17,8,1.95000000000005,""
17,9,2.11799999999994,""
17,10,2.25700000000006,""
17,11,2.42700000000002,""
17,12,2.71999999999991,""
17,13,2.82299999999998,""
17,14,3.08600000000001,""
17,15,3.28399999999999,""
17,16,3.48799999999994,""
17,17,3.67100000000005,""
17,18,3.94900000000007,""
17,19,4.1869999999999,""
17,20,4.57099999999991,""
18,1,1.16800000000001,""
18,2,0.928999999999974,""
18,3,1.01400000000001,""
18,4,1.21300000000008,""
18,5,1.50799999999992,""
18,6,1.56500000000005,""
18,7,1.69200000000001,""
18,8,1.86199999999997,""
18,9,2.14400000000001,""
18,10,2.23800000000006,""
18,11,2.49199999999996,""
18,12,2.82000000000005,""
18,13,2.85400000000004,""
18,14,3.09399999999994,""
18,15,3.29900000000009,""
18,16,3.52799999999991,""
18,17,4.49600000000009,""
18,18,4.11500000000001,""
18,19,4.6049999999999,""
18,20,4.63199999999995,""
19,1,0.918000000000006,""
19,2,0.934000000000083,""
19,3,1.2879999999999,""
19,4,1.37600000000009,""
19,5,1.44099999999992,""
19,6,1.56000000000006,""
19,7,1.77199999999993,""
19,8,1.91700000000003,""
19,9,2.06200000000001,""
19,10,2.33900000000006,""
19,11,2.83600000000001,""
19,12,2.971,""
19,13,3.11099999999999,""
19,14,3.26799999999992,""
19,15,3.42200000000003,""
19,16,3.529,""
19,17,3.74400000000003,""
19,18,3.84500000000003,""
19,19,4.27599999999995,""
19,20,4.351,""
20,1,0.908000000000015,""
20,2,0.935000000000059,""
20,3,1.0809999999999,""
20,4,1.23400000000004,""
20,5,1.41800000000001,""
20,6,1.55100000000004,""
20,7,1.70399999999995,""
20,8,1.96199999999999,""
20,9,2.10500000000002,""
20,10,2.33100000000002,""
20,11,2.46499999999992,""
20,12,2.7650000000001,""
20,13,2.85799999999995,""
20,14,3.05300000000011,""
20,15,3.30499999999995,""
20,16,3.50099999999998,""
20,17,3.68600000000004,""
20,18,4.06000000000006,""
20,19,4.12199999999996,""
20,20,4.32399999999996,""
