protocol,model,scope,rows,users,RMSE,MAE,OSR2
random_99_1,Training mean,all,10003,3697,1.1236826297053824,0.9414701518492571,0.0
random_99_1,Training mean,warm,10002,3697,1.1237310091115367,0.9415224363080881,0.0
random_99_1,Training mean,cold,1,1,0.4185209946213213,0.4185209946213213,0.0
random_99_1,softImpute,all,10003,3697,0.9197670652600238,0.7105885680288357,0.3300099176965554
random_99_1,softImpute,warm,10002,3697,0.9193237811187264,0.7103596726647113,0.33071320164936546
random_99_1,softImpute,cold,1,1,3.0,3.0,-50.38164591056663
random_99_1,CF + metadata,all,10003,3697,0.8989972700444698,0.7116353061563977,0.35992714279287863
random_99_1,CF + metadata,warm,10002,3697,0.8987509508547596,0.7114776501622375,0.36033292809838535
random_99_1,CF + metadata,cold,1,1,2.2885105597452404,2.2885105597452404,-28.900010711330495
random_99_1,CF + metadata + timestamp,all,10003,3697,0.8939750153849692,0.7064670659709495,0.3670587098812371
random_99_1,CF + metadata + timestamp,warm,10002,3697,0.8937225801133487,0.7063072479347797,0.36747057913691805
random_99_1,CF + metadata + timestamp,cold,1,1,2.304967063742377,2.304967063742377,-29.33157419206138
global_time_80_10_10,Training mean,all,100021,1209,1.089293845992471,0.9024768930128294,0.0
global_time_80_10_10,Training mean,warm,95723,1179,1.0889185737565596,0.9019998589458983,0.0
global_time_80_10_10,Training mean,cold,4298,97,1.097618480640544,0.9131011675565344,0.0
global_time_80_10_10,softImpute,all,100021,1209,1.224646812059325,0.9294947630757884,-0.26395500061406296
global_time_80_10_10,softImpute,warm,95723,1179,1.234481681465147,0.9360467381273545,-0.28522299796518413
global_time_80_10_10,softImpute,cold,4298,97,0.9803664826062715,0.7835723089433853,0.20223663539739778
global_time_80_10_10,CF + metadata,all,100021,1209,1.0303196269600559,0.8163927268173282,0.10534860026813919
global_time_80_10_10,CF + metadata,warm,95723,1179,1.0320604955549766,0.8172268869004495,0.10170393300620373
global_time_80_10_10,CF + metadata,cold,4298,97,0.9907554488200009,0.7978147124765599,0.18523921552014744
global_time_80_10_10,CF + metadata + timestamp,all,100021,1209,1.0000969635255774,0.7811606919621329,0.15706494098544
global_time_80_10_10,CF + metadata + timestamp,warm,95723,1179,1.000532086329567,0.7804609134243954,0.15574968746167006
global_time_80_10_10,CF + metadata + timestamp,cold,4298,97,0.9903565754508594,0.7967458248071416,0.18589512099220262
