month,ratings,users,mean_rating
2000-04,11396,86,3.5533520533520533
2000-05,67437,486,3.6134466242567136
2000-06,54486,508,3.6339059574936683
2000-07,90334,778,3.630072840790843
2000-08,182109,1310,3.572173807994113
2000-09,52421,576,3.6097174796360236
2000-10,42294,500,3.6204189719581974
2000-11,290793,2357,3.5716712575612206
2000-12,113487,1241,3.5850185483799906
2001-01,18004,543,3.5436569651188625
2001-02,8136,395,3.5514995083579155
2001-03,6083,323,3.528357718231136
2001-04,5171,293,3.4712821504544578
2001-05,4939,274,3.4608220287507594
2001-06,4981,271,3.4727966271832966
2001-07,4765,290,3.4766002098635886
2001-08,4454,246,3.4676695105523123
2001-09,3077,191,3.5411114722131947
2001-10,2192,180,3.415602189781022
2001-11,2760,180,3.5942028985507246
2001-12,3496,186,3.4965675057208236
2002-01,3216,220,3.5575248756218905
2002-02,2496,179,3.4735576923076925
2002-03,2454,168,3.279951100244499
2002-04,2840,151,3.488732394366197
2002-05,1902,154,3.556782334384858
2002-06,1643,140,3.475958612294583
2002-07,1905,156,3.398425196850394
2002-08,2111,139,3.2690667929891046
2002-09,1293,112,3.446249033255994
2002-10,1014,121,3.557199211045365
2002-11,1908,119,3.549266247379455
2002-12,1264,129,3.4944620253164556
2003-01,1852,134,3.51133909287257
2003-02,1496,99,3.4558823529411766
