movie,title_canvas,genres_canvas,title_grouplens,genres_grouplens
73,"Miserables, Les (1995)",Drama|Musical,"Misérables, Les (1995)",Drama|Musical
570,"Slingshot, The (Kadisbellan ) (1993)",Comedy|Drama,"Slingshot, The (Kådisbellan ) (1993)",Comedy|Drama
582,Metisse (Cafe au Lait) (1993),Comedy,Metisse (Café au Lait) (1993),Comedy
649,Cold Fever (A koldum klaka) (1994),Comedy|Drama,Cold Fever (Á köldum klaka) (1994),Comedy|Drama
1117,"Eighth Day, The (Le Huitieme jour ) (1996)",Drama,"Eighth Day, The (Le Huitième jour ) (1996)",Drama
1149,JLG/JLG - autoportrait de decembre (1994),Documentary|Drama,JLG/JLG - autoportrait de décembre (1994),Documentary|Drama
1176,"Double Life of Veronique, The (La Double Vie de Veronique) (1991)",Drama,"Double Life of Veronique, The (La Double Vie de Véronique) (1991)",Drama
1211,Wings of Desire (Der Himmel uber Berlin) (1987),Comedy|Drama|Romance,Wings of Desire (Der Himmel über Berlin) (1987),Comedy|Drama|Romance
1320,Alien3 (1992),Action|Horror|Sci-Fi|Thriller,Alien³ (1992),Action|Horror|Sci-Fi|Thriller
1364,Zero Kelvin (Kjorlighetens kjotere) (1995),Action,Zero Kelvin (Kjærlighetens kjøtere) (1995),Action
1406,"Ceremonie, La (1995)",Drama,"Cérémonie, La (1995)",Drama
1572,Contempt (Le Mepris) (1963),Drama,Contempt (Le Mépris) (1963),Drama
1664,Nenette et Boni (1996),Drama,Nénette et Boni (1996),Drama
1741,"Midaq Alley (Callejon de los milagros, El) (1995)",Drama,"Midaq Alley (Callejón de los milagros, El) (1995)",Drama
1795,"Callejon de los milagros, El (1995)",Drama,"Callejón de los milagros, El (1995)",Drama
1873,"Miserables, Les (1998)",Drama,"Misérables, Les (1998)",Drama
1933,"Life of Emile Zola, The (1937)",Drama,"Life of Émile Zola, The (1937)",Drama
2063,Seventh Heaven (Le Septieme ciel) (1997),Drama|Romance,Seventh Heaven (Le Septième ciel) (1997),Drama|Romance
2131,Autumn Sonata (Hostsonaten ) (1978),Drama,Autumn Sonata (Höstsonaten ) (1978),Drama
2175,Deja Vu (1997),Drama|Romance,Déjà Vu (1997),Drama|Romance
2324,Life Is Beautiful (La Vita e bella) (1997),Comedy|Drama,Life Is Beautiful (La Vita è bella) (1997),Comedy|Drama
2480,Dry Cleaning (Nettoyage a sec) (1997),Drama,Dry Cleaning (Nettoyage à sec) (1997),Drama
2483,"Day of the Beast, The (El Dia de la bestia) (1995)",Comedy|Horror|Thriller,"Day of the Beast, The (El Día de la bestia) (1995)",Comedy|Horror|Thriller
2495,"Fantastic Planet, The (La Planete sauvage) (1973)",Animation|Sci-Fi,"Fantastic Planet, The (La Planète sauvage) (1973)",Animation|Sci-Fi
2544,"School of Flesh, The (L' Ecole de la chair) (1998)",Drama,"School of Flesh, The (L' École de la chair) (1998)",Drama
2575,"Dreamlife of Angels, The (La Vie revee des anges) (1998)",Drama,"Dreamlife of Angels, The (La Vie rêvée des anges) (1998)",Drama
2585,"Lovers of the Arctic Circle, The (Los Amantes del Circulo Polar) (1998)",Drama|Romance,"Lovers of the Arctic Circle, The (Los Amantes del Círculo Polar) (1998)",Drama|Romance
2591,Jeanne and the Perfect Guy (Jeanne et le garcon formidable) (1998),Comedy|Romance,Jeanne and the Perfect Guy (Jeanne et le garçon formidable) (1998),Comedy|Romance
2603,No (1998),Drama,Nô (1998),Drama
2696,"Dinner Game, The (Le Diner de cons) (1998)",Comedy,"Dinner Game, The (Le Dîner de cons) (1998)",Comedy
2705,"Late August, Early September (Fin aout, debut septembre) (1998)",Drama,"Late August, Early September (Fin août, début septembre) (1998)",Drama
2742,Menage (Tenue de soiree) (1986),Comedy|Drama,Ménage (Tenue de soirée) (1986),Comedy|Drama
2760,"Gambler, The (A Jatekos) (1997)",Drama,"Gambler, The (A Játékos) (1997)",Drama
2869,"Separation, The (La Separation) (1994)",Drama,"Separation, The (La Séparation) (1994)",Drama
3054,Pokemon: The First Movie (1998),Animation|Children's,Pokémon: The First Movie (1998),Animation|Children's
3227,"Not Love, Just Frenzy (Mas que amor, frenesi) (1996)",Comedy|Drama|Thriller,"Not Love, Just Frenzy (Más que amor, frenesí) (1996)",Comedy|Drama|Thriller
3237,Kestrel's Eye (Falkens oga) (1998),Documentary,Kestrel's Eye (Falkens öga) (1998),Documentary
3241,"Cup, The (Phorpa) (1999)",Comedy,"Cup, The (Phörpa) (1999)",Comedy
3266,Man Bites Dog (C'est arrive pres de chez vous) (1992),Action|Comedy|Crime|Drama,Man Bites Dog (C'est arrivé près de chez vous) (1992),Action|Comedy|Crime|Drama
3369,Any Number Can Win (Melodie en sous-sol ) (1963),Crime,Any Number Can Win (Mélodie en sous-sol ) (1963),Crime
3416,"Trial, The (Le Proces) (1963)",Drama,"Trial, The (Le Procès) (1963)",Drama
3532,Freedom for Us (A nous la liberte ) (1931),Comedy,Freedom for Us (À nous la liberté ) (1931),Comedy
3592,Time Masters (Les Maitres du Temps) (1982),Animation|Sci-Fi,Time Masters (Les Maîtres du Temps) (1982),Animation|Sci-Fi
3645,Cleo From 5 to 7 (Cleo de 5 a 7) (1962),Drama,Cleo From 5 to 7 (Cléo de 5 à 7) (1962),Drama
3652,City of the Living Dead (Paura nella citta dei morti viventi) (1980),Horror,City of the Living Dead (Paura nella città dei morti viventi) (1980),Horror
3749,Time Regained (Le Temps Retrouve) (1999),Drama,Time Regained (Le Temps Retrouvé) (1999),Drama
3799,Pokemon the Movie 2000 (2000),Animation|Children's,Pokémon the Movie 2000 (2000),Animation|Children's
3817,"Other Side of Sunday, The (Sondagsengler) (1996)",Comedy|Drama,"Other Side of Sunday, The (Søndagsengler) (1996)",Comedy|Drama
3845,And God Created Woman (Et Dieu Crea la Femme) (1956),Drama,And God Created Woman (Et Dieu&#8230;Créa la Femme) (1956),Drama
3854,Aimee & Jaguar (1999),Drama|Romance,Aimée & Jaguar (1999),Drama|Romance
