feature,coefficient
cf,0.628788820581465
release_year,-0.0512578822502282
month_sin,7.520950607292934e-05
month_cos,-0.0002585838696994546
elapsed_days,-0.0035980287181725723
prior_count_log,-0.09699836224972763
has_prior_history,0.022951696130182487
gap_days_log,0.012958011620718876
gender_F,0.004239917383022924
gender_M,-0.004239917446449507
age_1,-0.003837201937317455
age_18,-0.0209665112839753
age_25,-0.017078829949690115
age_35,-0.005528962126743047
age_45,0.004478580076441671
age_50,0.017742851755610727
age_56,0.02519007339506244
occupation_0,-0.004256790041956481
occupation_1,-0.019889223643031043
occupation_10,0.009270911165377689
occupation_11,-0.012357733352506168
occupation_12,0.01416410267618753
occupation_13,0.012568882964138075
occupation_14,0.008082242000266544
occupation_15,0.01975442491408212
occupation_16,-0.0004675847004850095
occupation_17,0.015172817065365012
occupation_18,0.001627262533001107
occupation_19,-0.037763500270476674
occupation_2,-0.004595289163248572
occupation_20,-0.022750763949852953
occupation_3,0.013651986001183879
occupation_4,0.007876490812724117
occupation_5,0.004817621968443147
occupation_6,0.012953698662757715
occupation_7,0.0010920069806667182
occupation_8,-0.027278166013040808
occupation_9,0.008326603385487772
hour_0,-0.0076353968631717485
hour_1,-0.009008614993576991
hour_10,0.02365061240598503
hour_11,-0.02353799712113505
hour_12,-0.019086179991717574
hour_13,0.013221108510567507
hour_14,-0.009125155843196273
hour_15,0.007233566721092536
hour_16,0.010568441967518613
hour_17,-0.00622806252257159
hour_18,0.006711874758024236
hour_19,-0.004914012454055989
hour_2,-7.514007901020451e-05
hour_20,0.0019564795620196367
hour_21,-0.011348097104862148
hour_22,0.004039691638689834
hour_23,-0.009923879402378774
hour_3,0.0003663295939716663
hour_4,-0.008442657621010898
hour_5,-0.013152900443226385
hour_6,0.0053907834998491696
hour_7,0.011743478899401688
hour_8,0.033858472396709235
hour_9,0.0037372544936179006
weekday_0,-0.002104647917417431
weekday_1,-0.0019851803524361567
weekday_2,-0.0008253685233548519
weekday_3,-9.89795467284653e-06
weekday_4,0.005488118619102894
weekday_5,0.009144935900682253
weekday_6,-0.009707959769697698
genre_Action,-0.0545057030974447
genre_Adventure,-0.014300595500776817
genre_Animation,0.06089770935454517
genre_Children's,-0.08026144633530385
genre_Comedy,-0.02831450424866589
genre_Crime,0.008155885938447991
genre_Documentary,0.2509448920694163
genre_Drama,0.0435593177996495
genre_Fantasy,-0.022705350454216826
genre_Film-Noir,0.007874330534152128
genre_Horror,-0.10849892504633235
genre_Musical,-0.036108653022250164
genre_Mystery,-0.020161178410089253
genre_Romance,-0.012066083294423787
genre_Sci-Fi,-0.05616624825337755
genre_Thriller,-0.00024574966421062186
genre_War,0.007457168748076009
genre_Western,-0.011826787358150254
