archetypes,r2,SSE,RMSE,MAE
1,0.22118840774252968,962259.3839801626,0.9857874860236524,0.7691021344090008
2,0.2580278980824128,916742.412182342,0.9621901024734738,0.7497807957139779
3,0.28679795077059933,881195.6208248002,0.9433511611302172,0.7331454537722458
4,0.29864721557130913,866555.2811571552,0.9354818372497761,0.7258445177022079
5,0.3096999222256118,852899.1275993295,0.9280813773643837,0.7189293868801679
6,0.31779232994267415,842900.5665325054,0.9226253776393297,0.7138089564814052
7,0.32074419398703424,839253.3957595517,0.9206271465663234,0.7112370368980577
8,0.32218811792520063,837469.3579087195,0.9196481171923434,0.7095752140495737
9,0.32081767071924416,839162.6117037208,0.920577351994724,0.7098817220126046
10,0.3209189572639134,839037.4672797704,0.9205087065282407,0.7087780829679894
11,0.3194780169900696,840817.8186690481,0.9214848015077773,0.7093364068439884
12,0.31783899843412056,842842.9053545301,0.9225938196014845,0.7094066938353524
13,0.3153501389447292,845918.0116098606,0.9242753257022848,0.7101672127325205
14,0.31198956305017034,850070.1656382097,0.9265409327984867,0.7112838170181582
15,0.30898643900919787,853780.6706158074,0.9285608785941047,0.7123261867150684
16,0.3050913216487263,858593.2764746307,0.931174265097005,0.7138481028943456
17,0.3015982249798703,862909.1663280593,0.9335116977001449,0.7150266414444513
18,0.29648631029940986,869225.1841175747,0.9369218635782522,0.7170806177634943
19,0.2922675399983372,874437.6788357092,0.9397268907948307,0.7188680887739181
20,0.2872447996751215,880643.5173945581,0.9430555916761095,0.7209920927898994
